Bean,Keem,beanKe3m@keem.com,0813203943,Bean Come CC,CEE,Bean,Mira,Coffee,Crates are square.
Daniel,Shivute,danielshivute@example.com,+264816457890,UNAM,Lecturer,Oshakati,Oshana,Namibia,Daniel is a teacher who ignites curiosity in his students.
David,Hausiku,davidhausiku@example.com,+264813456789,BankWindhoek,Financial Analyst,Rundu,Kavango East,Namibia,David never misses a detail.
Eva,Nangolo,evanangolo@example.com,+264813245678,PowerNam,Electrical Technician,Outapi,Omusati,Namibia,Eva is always electrifying every room she enters.
Frans,Angula,fransangula@example.com,+264817456890,NHE,Real Estate Agent,Windhoek,Khomas,Namibia,Frans knows the perfect home for everyone.
Frederick,Ndjoze,frederickndjoze@example.com,+264813124567,City of Windhoek,Architect,Windhoek,Khomas,Namibia,Frederick designs dreams into reality.
Helvi,Ndakolo,helvindakolo@example.com,+264816578901,Standard Bank,Branch Manager,Walvis Bay,Erongo,Namibia,Helvi leads with passion and vision.
Hilma,Nandjebo,hilmanandjebo@example.com,+264815234678,Private,Freelancer,Windhoek,Khomas,Namibia,Hilma is always thinking outside the box.
Iyaloo,Shilunga,iyalooshilunga@example.com,+264811890234,Erongo Marine,Operations Manager,Walvis Bay,Erongo,Namibia,Iyaloo keeps the team moving forward smoothly.
Jaden,Awaseb,atyourdoor@gmail.com,0818723984,Just Bread CC,CEO,Windows 10,Pro,Stable Build,One bread loaf a day
Johanna,Iiyambo,johannaiiyambo@example.com,+264819801234,Gondwana,Guest Relations Manager,Windhoek,Khomas,Namibia,Johanna makes every guest feel like family.
Johannes,Amupolo,johannesamupolo@example.com,+264811234567,TechNam,Software Engineer,Windhoek,Khomas,Namibia,Always the first to solve problems.
John,Doe,johndoe@example.com,+19801234567,Tech Corp,Software Developer,New York,New York,USA,John is always coding the next big thing.
John,Shikongo,johnshikongo@example.com,+264818679012,Air Namibia,Pilot,Windhoek,Khomas,Namibia,John takes everyone to new heights.
Jonas,Haitota,jonashaitota@example.com,+264814123567,B2Gold Namibia,Mining Engineer,Otavi,Otjozondjupa,Namibia,Jonas digs deep to find the best solutions.
Joseph,Kambonde,josephkambonde@example.com,+264818901234,Nedbank Namibia,Loan Officer,Keetmanshoop,Karas,Namibia,Joseph is calm under pressure and delivers every time.
Julius,Nakale,juliusnakale@example.com,+264816345789,GIPF,Financial Advisor,Mariental,Hardap,Namibia,Julius makes complicated things easy to understand.
Justine,Nambahu,justinenambahu@example.com,+264814235678,MTC,Customer Service Representative,Windhoek,Khomas,Namibia,Justine always finds a way to make everyone smile.
Katrina,Nambinga,katrinanambinga@example.com,+264817568901,NamPost,Branch Manager,Ondangwa,Oshana,Namibia,Katrina runs a tight ship with a kind heart.
Ling,Wang,lingwang@example.com,+86123456789,Beijing Electronics,Project Manager,Beijing,Beijing,China,Ling leads projects with precision and dedication.
Magreth,Kashindi,magrethkashindi@example.com,+264817890123,FNB Namibia,Business Analyst,Oshakati,Oshana,Namibia,Magreth sees solutions where others see problems.
Maria,Gonzalez,mariagonzalez@example.com,+34612345678,Banco Santander,Account Manager,Madrid,Madrid,Spain,Maria always has the answer to any financial question.
Maria,Kambanda,mariakambanda@example.com,+264812134567,NamWater,Engineer,Lüderitz,Karas,Namibia,Maria is the engineer everyone relies on.
Martha,Kashandola,marthakashandola@example.com,+264811789023,TransNamib,Operations Officer,Rehoboth,Hardap,Namibia,Martha keeps things moving like clockwork.
Michael,Shikongo,michaelshikongo@example.com,+264811023456,Namdeb,Geologist,Oranjemund,Karas,Namibia,Michael is always discovering something new.
Moses,Katanga,moseskatanga@example.com,+264816789012,TelecomNam,System Administrator,Windhoek,Khomas,Namibia,Always ready to take on new tech challenges.
Ndina,Hainyeko,ndinahinayeko@example.com,+264813012456,Swakop Uranium,Safety Officer,Swakopmund,Erongo,Namibia,Ndina keeps everyone safe with her careful planning.
Paulus,Shikomba,paulsshikomba@example.com,+264817689012,Meatco,Procurement Officer,Katima Mulilo,Zambezi,Namibia,Paulus knows how to find the best deals.
Petrus,Nakale,petrusnakale@example.com,+264814567890,Agricorp,Field Officer,Walvis Bay,Erongo,Namibia,Petrus is a nature lover with a knack for farming.
Rachel,Shipena,rachelshipena@example.com,+264819780123,Namibia Tourism Board,Marketing Officer,Swakopmund,Erongo,Namibia,Rachel puts Namibia on the map.
Robert,Johnson,robertjohnson@example.com,+6123456789,TechSydney,IT Consultant,Sydney,New South Wales,Australia,Robert solves problems with a smile.
Samuel,Tjijenda,samueltjijenda@example.com,+264814356789,NamPol,Police Officer,Gobabis,Omaheke,Namibia,Samuel keeps everyone safe with a friendly face.
Sara,Nghipandulwa,saranghipandulwa@example.com,+264819012345,MTC,Marketing Manager,Windhoek,Khomas,Namibia,Sara can sell anything with a smile.
Selma,Amwele,selmaamwele@example.com,+264818567901,NamPower,Electrical Engineer,Karibib,Erongo,Namibia,Selma lights up the room with her energy.
Selma,Hamunyela,selmahamunyela@example.com,+264815678901,Old Mutual,Accountant,Swakopmund,Erongo,Namibia,Selma brings balance to everything she does.
Simeon,Kambonde,simeonkambonde@example.com,+264812890134,NAU,Agricultural Consultant,Ongwediva,Oshana,Namibia,Simeon knows how to get the most out of the land.
Tomas,Negumbo,tomasnegumbo@example.com,+264815467890,NamPower,Mechanical Engineer,Okahandja,Otjozondjupa,Namibia,Tomas is the engine behind every successful project.
Victor,Namupala,victornamupala@example.com,+264819678012,Bank of Namibia,Risk Analyst,Windhoek,Khomas,Namibia,Victor always has the perfect plan for any challenge.
Victoria,Nakanyete,victorianakanyete@example.com,+264815346789,De Beers,Geologist,Oranjemund,Karas,Namibia,Victoria always uncovers hidden gems.
Wilhelmina,Haufiku,wilhelminahaufiku@example.com,+264812013456,Ministry of Health,Pharmacist,Oshikuku,Omusati,Namibia,Wilhelmina is precise and cares deeply for her patients.
lakashihakumwa@example.com,+264818790123,AgriBank,Financial Consultant,Opuwo,Kunene,Namibia,Nangula has a way with numbers that impresses all.
Xander,Smith,xandersmith@example.com,+447123456789,TechUK,Software Engineer,London,England,UK,Xander is always on the cutting edge of technology.
Yara,Almeida,yaraalmeida@example.com,+5511987654321,Banco do Brasil,Financial Advisor,São Paulo,São Paulo,Brazil,Yara makes financial planning look easy.
Zachary,Lee,zacharylee@example.com,+85212345678,HK Tech,Project Manager,Hong Kong,Hong Kong,China,Zachary manages projects with a keen eye for detail.
Alice,Johnson,alicejohnson@example.com,+16123456789,TechNYC,Data Scientist,New York,New York,USA,Alice turns data into actionable insights.
Bob,Martinez,bobmartinez@example.com,+34123456789,TechMadrid,Network Engineer,Madrid,Madrid,Spain,Bob ensures the network is always up and running.
Charlie,Kim,charliekim@example.com,+821012345678,SeoulTech,AI Specialist,Seoul,Seoul,South Korea,Charlie is at the forefront of AI research.
Diana,Rossi,dianarossi@example.com,+390612345678,TechRome,Cybersecurity Analyst,Rome,Lazio,Italy,Diana protects systems from cyber threats.
Ethan,Nguyen,ethannguyen@example.com,+84123456789,VietTech,Software Developer,Hanoi,Hanoi,Vietnam,Ethan writes code that powers the future.
Fiona,Patel,fionapatel@example.com,+911234567890,TechMumbai,Product Manager,Mumbai,Maharashtra,India,Fiona brings innovative products to life.
George,Smith,georgesmith@example.com,+61234567890,TechSydney,DevOps Engineer,Sydney,New South Wales,Australia,George automates everything.
Hannah,Garcia,hannahgarcia@example.com,+521234567890,TechMexico,UX Designer,Mexico City,Mexico City,Mexico,Hannah designs user-friendly interfaces.
Ian,Thompson,ianthompson@example.com,+27123456789,TechCapeTown,Cloud Architect,Cape Town,Western Cape,South Africa,Ian builds scalable cloud solutions.
Jasmine,Chen,jasminechen@example.com,+861234567890,TechShanghai,Data Engineer,Shanghai,Shanghai,China,Jasmine ensures data flows smoothly.
Kevin,Wilson,kevinwilson@example.com,+441234567890,TechLondon,Mobile Developer,London,England,UK,Kevin creates mobile apps that users love.
Laura,Martinez,lauramartinez@example.com,+341234567890,TechBarcelona,QA Engineer,Barcelona,Catalonia,Spain,Laura ensures software quality.
Mark,Johnson,markjohnson@example.com,+161234567890,TechChicago,Backend Developer,Chicago,Illinois,USA,Mark builds robust backend systems.
Nina,Lopez,ninalopez@example.com,+521234567890,TechMexicoCity,Frontend Developer,Mexico City,Mexico City,Mexico,Nina creates stunning web interfaces.
Oscar,Garcia,oscarGarcia@example.com,+341234567890,TechMadrid,Full Stack Developer,Madrid,Madrid,Spain,Oscar masters both frontend and backend.
Paul,White,paulwhite@example.com,+441234567890,TechManchester,Security Engineer,Manchester,England,UK,Paul secures systems against threats.
Quinn,Lee,quinnlee@example.com,+821012345678,TechSeoul,Machine Learning Engineer,Seoul,Seoul,South Korea,Quinn develops intelligent algorithms.
Rachel,Kim,rachelkim@example.com,+821012345678,TechBusan,Data Analyst,Busan,Busan,South Korea,Rachel turns data into stories.
Steve,Nguyen,stevenguyen@example.com,+841234567890,TechHanoi,Blockchain Developer,Hanoi,Hanoi,Vietnam,Steve builds decentralized applications.
Tina,Patel,tinapatel@example.com,+911234567890,TechDelhi,AI Researcher,Delhi,Delhi,India,Tina pushes the boundaries of AI.
Uma,Sharma,umasharma@example.com,+911234567890,TechBangalore,DevOps Specialist,Bangalore,Karnataka,India,Uma automates and optimizes workflows.
Victor,Smith,victorsmith@example.com,+161234567890,TechSanFrancisco,Site Reliability Engineer,San Francisco,California,USA,Victor ensures system reliability.
Wendy,Garcia,wendygarcia@example.com,+521234567890,TechGuadalajara,Cloud Engineer,Guadalajara,Jalisco,Mexico,Wendy builds resilient cloud infrastructures.
Xavier,Johnson,xavierjohnson@example.com,+161234567890,TechBoston,Network Administrator,Boston,Massachusetts,USA,Xavier keeps the network running smoothly.
Yvonne,Martinez,yvonnemartinez@example.com,+341234567890,TechValencia,Software Tester,Valencia,Valencia,Spain,Yvonne ensures software is bug-free.
Zara,Kim,zarakim@example.com,+821012345678,TechIncheon,Product Designer,Incheon,Incheon,South Korea,Zara designs products that users love.
Anna,Shilongo,annashilongo@example.com,+264812345678,NamPower,Electrical Engineer,Windhoek,Khomas,Namibia,Anna powers up every project with her expertise.
Ben,Amadhila,benamadhila@example.com,+264816789012,AgriBank,Agricultural Officer,Otjiwarongo,Otjozondjupa,Namibia,Ben cultivates success in every field.
Catherine,Ndapewa,catherinendapewa@example.com,+264814567890,TelecomNam,Network Specialist,Swakopmund,Erongo,Namibia,Catherine connects people with her network solutions.
David,Shikongo,davidshikongo@example.com,+264817890123,NamPost,Logistics Manager,Ondangwa,Oshana,Namibia,David ensures timely deliveries across the nation.
Elena,Amutenya,elenaamutenya@example.com,+264813456789,Standard Bank,Financial Analyst,Walvis Bay,Erongo,Namibia,Elena analyzes financial data with precision.
Frank,Ndjamba,frankndjamba@example.com,+264812345678,NamWater,Hydrologist,Katima Mulilo,Zambezi,Namibia,Frank manages water resources efficiently.
Grace,Shilunga,graceshilunga@example.com,+264816789012,Meatco,Quality Control Officer,Keetmanshoop,Karas,Namibia,Grace ensures the highest quality standards.
Henry,Amukwiyu,henryamukwiyu@example.com,+264814567890,City of Windhoek,Urban Planner,Windhoek,Khomas,Namibia,Henry designs sustainable urban spaces.
Isabella,Ndapanda,isabellandapanda@example.com,+264817890123,TransNamib,Transport Manager,Rehoboth,Hardap,Namibia,Isabella keeps the transport system running smoothly.
Jacob,Shikomba,jacobshikomba@example.com,+264813456789,NHE,Construction Manager,Otavi,Otjozondjupa,Namibia,Jacob builds homes with care and precision.